{
  "injections": {
    "__dataframe__": true,
    "content": {
      "simulation_id": [
        0,
        1,
        2,
        3,
        4,
        5,
        6,
        7,
        8,
        9,
        10,
        11,
        12,
        13,
        14,
        15,
        16,
        17,
        18,
        19,
        20,
        21,
        22,
        23,
        24,
        25,
        26,
        27,
        28,
        29,
        30,
        31,
        32,
        33,
        34,
        35,
        36,
        37,
        38,
        39,
        40,
        41,
        42,
        43,
        44,
        45,
        46,
        47,
        48,
        49,
        50,
        51,
        52,
        53,
        54,
        55,
        56,
        57,
        58,
        59,
        60,
        61,
        62,
        63,
        64,
        65,
        66,
        67,
        68,
        69,
        70,
        71,
        72,
        73,
        74,
        75,
        76,
        77,
        78,
        79,
        80,
        81,
        82,
        83,
        84,
        85,
        86,
        87,
        88,
        89,
        90,
        91,
        92,
        93,
        94,
        95,
        96,
        97,
        98,
        99
      ],
      "luminosity_distance": [
        186.70826467537645,
        187.2277009007001,
        152.67180428639568,
        207.83651404857034,
        172.09871718579367,
        158.21509962546617,
        181.8662094493611,
        166.06120865137407,
        217.45844971733158,
        213.65690729960977,
        170.9822879076763,
        199.61434519186847,
        165.22105591505283,
        176.0157143056292,
        181.12319219685656,
        189.46232296322938,
        216.6553559450724,
        185.74338807570652,
        207.8867762298576,
        218.70206037696323,
        156.9605625099575,
        207.64351340393978,
        186.85374420796785,
        221.1878756764812,
        204.76728189257636,
        208.60069654515743,
        216.30882317710376,
        190.70794114011957,
        171.76114599717116,
        199.97396719535766,
        215.32252008279966,
        170.72995661337578,
        192.62040049303272,
        154.57861487891185,
        210.55352660946406,
        206.49499132016578,
        185.32889654074398,
        198.08508107044088,
        158.20419420816893,
        172.34126164874718,
        194.64081148799366,
        185.70427150016286,
        150.5237437087609,
        153.22680064723323,
        207.39262383133243,
        194.1026934822254,
        156.6345206392185,
        169.11755080952403,
        186.72890694098632,
        200.72326858739405,
        191.70939558623863,
        154.34208903077518,
        217.60698392107832,
        158.78983842113914,
        173.4740332301646,
        205.42826955520405,
        177.55837440085708,
        153.14014136424979,
        181.89455614060103,
        171.91219410386904,
        192.74561505622626,
        209.0510590138082,
        217.83957329942024,
        165.6730032927014,
        156.6700662211375,
        212.14633835065877,
        157.26726193868015,
        187.24947217802597,
        214.4730699926505,
        171.44753318546574,
        174.0311985063206,
        181.6538923469528,
        183.18766525598576,
        170.848580061237,
        215.87655960724305,
        206.21195381965006,
        196.95177616273324,
        182.89931388180213,
        170.28656989456988,
        174.1354857331375,
        211.83529050484785,
        192.79744810687447,
        193.18685570137967,
        156.42417132784306,
        162.97927879881075,
        198.8267800086666,
        202.9041601512449,
        196.06282560959994,
        160.50932579935952,
        175.1276648012974,
        221.60304685101997,
        182.55621792015887,
        209.73415743973166,
        221.82633078416535,
        161.2025909669189,
        164.649528326351,
        155.40615712952317,
        185.48145375947698,
        177.29564937394824,
        217.1066885587058
      ],
      "KNtimeshift": [
        -0.04145893968577141,
        0.17703173425548502,
        -0.5006258121203528,
        0.6333243487565874,
        0.24129511231297673,
        -0.20123237995898235,
        0.6206655835173822,
        -0.9593828466799643,
        -0.2802521179610389,
        0.4783689383112735,
        0.21823982377940432,
        -0.011950958713433657,
        0.017263370487736962,
        0.2320286794986921,
        0.5205791949732019,
        0.6033666079142057,
        -0.8017740413796461,
        0.5616828331652683,
        -0.6694078950336109,
        0.7624945890317405,
        -0.8332916137522919,
        -0.4001042995747095,
        0.833052570803926,
        0.386216730039455,
        0.8046327839687926,
        -0.9279143374679457,
        0.1560875338028025,
        -0.789424140601187,
        0.2097210269568477,
        0.8095174945194288,
        -0.4236120688558811,
        0.9275596441995231,
        0.0026880332509080507,
        -0.2944535847862406,
        -0.30683817244347056,
        0.2710253713925488,
        0.11134104616993223,
        0.7910788085257283,
        0.270423483597221,
        0.4331613533507015,
        -0.9685869685964701,
        -0.6602039249131995,
        -0.23347352317519987,
        -0.7724205942397244,
        0.2045196401254301,
        -0.5143864711553552,
        0.5545766173194808,
        -0.809010765474399,
        -0.893384998856275,
        -0.6672817188788447,
        -0.8190012718594388,
        -0.4833120343227635,
        0.3354391513804369,
        -0.736722103987415,
        0.38827979235948185,
        0.8557069847484469,
        -0.43877254162118007,
        -0.6234596812138344,
        0.9439004572361511,
        0.9586637809169352,
        -0.7929065270402165,
        -0.7385011003076833,
        0.5672013242702838,
        0.7328022549736608,
        0.815859478020974,
        -0.6593193485422246,
        0.27230077028111466,
        -0.15236536799476408,
        -0.7769843913065937,
        -0.6470738654978276,
        -0.3315822261579713,
        0.4195406922426739,
        -0.5005127024340101,
        0.6067929801714418,
        0.5819548734943867,
        -0.12300983357752093,
        0.7130864229629836,
        0.22704617456217124,
        -0.5138237221229247,
        -0.7730572980498349,
        0.4233442980828941,
        -0.3134114775537262,
        0.8166288040191807,
        0.9230549886972643,
        -0.22854690572954062,
        -0.7697400072930953,
        0.8618979066869934,
        -0.18483055913306545,
        0.742693426789029,
        0.012345158673097378,
        -0.44931134646805737,
        0.4744022760465796,
        0.899560057864289,
        0.49831463965531797,
        -0.14439160871927226,
        -0.01875921904440725,
        -0.6303275649875373,
        0.986576627105159,
        0.9118677312800234,
        -0.023301625954686545
      ],